{
  "long_int": 1234567890,
  "longer_int": 12345678901234567890,
  "longerer_int": 123456789012345678901234567890,
  "longererer_int": 1234567890123456789012345678901234567890,

  "float4_4": 1234.6789,
  "float8_8": 12341234.67896789,
  "float12_12": 123412341234.678967896789,
  "float16_16": 1234123412341234.6789678967896789
}