{
  "//testing various float and double values": null,

  "f_18446744073709551616": 1.8446744E+19,
  "d_18446744073709551616": 1.8446744073709552E+19,
  "f_9223372036854775808": 9.223372E+18,
  "d_9223372036854775808": 9.223372036854776E+18,
  "f_4611686018427387904": 4.611686E+18,
  "d_4611686018427387904": 4.611686018427388E+18,
  "f_2305843009213693952": 2.305843E+18,
  "d_2305843009213693952": 2.305843009213694E+18,
  "f_1152921504606846976": 1.1529215E+18,
  "d_1152921504606846976": 1.152921504606847E+18,
  "f_576460752303423488": 5.7646075E+17,
  "d_576460752303423488": 5.764607523034235E+17,
  "f_288230376151711744": 2.8823038E+17,
  "d_288230376151711744": 2.8823037615171174E+17,
  "f_144115188075855872": 1.4411519E+17,
  "d_144115188075855872": 1.4411518807585587E+17,
  "f_72057594037927936": 7.2057594E+16,
  "d_72057594037927936": 72057594037927940.0,
  "f_36028797018963968": 3.6028797E+16,
  "d_36028797018963968": 36028797018963970.0,
  "f_18014398509481984": 1.8014399E+16,
  "d_18014398509481984": 18014398509481984.0,
  "f_9007199254740992": 9.007199E+15,
  "d_9007199254740992": 9007199254740992.0,
  "f_4503599627370496": 4.5035996E+15,
  "d_4503599627370496": 4503599627370496.0,
  "f_2251799813685248": 2.2517998E+15,
  "d_2251799813685248": 2251799813685248.0,
  "f_1125899906842624": 1.1258999E+15,
  "d_1125899906842624": 1125899906842624.0,
  "f_562949953421312": 5.6294995E+14,
  "d_562949953421312": 562949953421312.0,
  "f_281474976710656": 2.8147498E+14,
  "d_281474976710656": 281474976710656.0,
  "f_140737488355328": 1.4073749E+14,
  "d_140737488355328": 140737488355328.0,
  "f_70368744177664": 7.0368744E+13,
  "d_70368744177664": 70368744177664.0,
  "f_35184372088832": 3.5184372E+13,
  "d_35184372088832": 35184372088832.0,
  "f_17592186044416": 1.7592186E+13,
  "d_17592186044416": 17592186044416.0,
  "f_8796093022208": 8.796093E+12,
  "d_8796093022208": 8796093022208.0,
  "f_4398046511104": 4.3980465E+12,
  "d_4398046511104": 4398046511104.0,
  "f_2199023255552": 2.1990233E+12,
  "d_2199023255552": 2199023255552.0,
  "f_1099511627776": 1.0995116E+12,
  "d_1099511627776": 1099511627776.0,
  "f_549755813888": 5.497558E+11,
  "d_549755813888": 549755813888.0,
  "f_274877906944": 2.748779E+11,
  "d_274877906944": 274877906944.0,
  "f_137438953472": 1.3743895E+11,
  "d_137438953472": 137438953472.0,
  "f_68719476736": 6.871948E+10,
  "d_68719476736": 68719476736.0,
  "f_34359738368": 3.435974E+10,
  "d_34359738368": 34359738368.0,
  "f_17179869184": 1.717987E+10,
  "d_17179869184": 17179869184.0,
  "f_8589934592": 8.589935E+09,
  "d_8589934592": 8589934592.0,
  "f_4294967296": 4.2949673E+09,
  "d_4294967296": 4294967296.0,
  "f_2147483648": 2.1474836E+09,
  "d_2147483648": 2147483648.0,
  "f_1073741824": 1.0737418E+09,
  "d_1073741824": 1073741824.0,
  "f_536870912": 536870900.0,
  "d_536870912": 536870912.0,
  "f_268435456": 268435460.0,
  "d_268435456": 268435456.0,
  "f_134217728": 134217730.0,
  "d_134217728": 134217728.0,
  "f_67108864": 67108864.0,
  "d_67108864": 67108864.0,
  "f_33554432": 33554432.0,
  "d_33554432": 33554432.0,
  "f_16777216": 16777216.0,
  "d_16777216": 16777216.0,
  "f_8388608": 8388608.0,
  "d_8388608": 8388608.0,
  "f_4194304": 4194304.0,
  "d_4194304": 4194304.0,
  "f_2097152": 2097152.0,
  "d_2097152": 2097152.0,
  "f_1048576": 1048576.0,
  "d_1048576": 1048576.0,
  "f_524288": 524288.0,
  "d_524288": 524288.0,
  "f_262144": 262144.0,
  "d_262144": 262144.0,
  "f_131072": 131072.0,
  "d_131072": 131072.0,
  "f_65536": 65536.0,
  "d_65536": 65536.0,
  "f_32768": 32768.0,
  "d_32768": 32768.0,
  "f_16384": 16384.0,
  "d_16384": 16384.0,
  "f_8192": 8192.0,
  "d_8192": 8192.0,
  "f_4096": 4096.0,
  "d_4096": 4096.0,
  "f_2048": 2048.0,
  "d_2048": 2048.0,
  "f_1024": 1024.0,
  "d_1024": 1024.0,
  "f_512": 512.0,
  "d_512": 512.0,
  "f_256": 256.0,
  "d_256": 256.0,
  "f_128": 128.0,
  "d_128": 128.0,
  "f_64": 64.0,
  "d_64": 64.0,
  "f_32": 32.0,
  "d_32": 32.0,
  "f_16": 16.0,
  "d_16": 16.0,
  "f_8": 8.0,
  "d_8": 8.0,
  "f_4": 4.0,
  "d_4": 4.0,
  "f_2": 2.0,
  "d_2": 2.0,
  "f_1": 1.0,
  "d_1": 1.0,
  "f_1/2": 0.5,
  "d_1/2": 0.5,
  "f_1/4": 0.25,
  "d_1/4": 0.25,
  "f_1/8": 0.125,
  "d_1/8": 0.125,
  "f_1/16": 0.0625,
  "d_1/16": 0.0625,
  "f_1/32": 0.03125,
  "d_1/32": 0.03125,
  "f_1/64": 0.015625,
  "d_1/64": 0.015625,
  "f_1/128": 0.0078125,
  "d_1/128": 0.0078125,
  "f_1/256": 0.00390625,
  "d_1/256": 0.00390625,
  "f_1/512": 0.001953125,
  "d_1/512": 0.001953125,
  "f_1/1024": 0.0009765625,
  "d_1/1024": 0.0009765625,
  "f_1/2048": 0.00048828125,
  "d_1/2048": 0.00048828125,
  "f_1/4096": 0.00024414062,
  "d_1/4096": 0.000244140625,
  "f_1/8192": 0.00012207031,
  "d_1/8192": 0.0001220703125,
  "f_1/16384": 6.1035156E-05,
  "d_1/16384": 6.103515625E-05,
  "f_1/32768": 3.0517578E-05,
  "d_1/32768": 3.0517578125E-05,
  "f_1/65536": 1.5258789E-05,
  "d_1/65536": 1.52587890625E-05,
  "f_1/131072": 7.6293945E-06,
  "d_1/131072": 7.62939453125E-06,
  "f_1/262144": 3.8146973E-06,
  "d_1/262144": 3.814697265625E-06,
  "f_1/524288": 1.9073486E-06,
  "d_1/524288": 1.9073486328125E-06,
  "f_1/1048576": 9.536743E-07,
  "d_1/1048576": 9.5367431640625E-07,
  "f_1/2097152": 4.7683716E-07,
  "d_1/2097152": 4.76837158203125E-07,
  "f_1/4194304": 2.3841858E-07,
  "d_1/4194304": 2.384185791015625E-07,
  "f_1/8388608": 1.1920929E-07,
  "d_1/8388608": 1.1920928955078125E-07,
  "f_1/16777216": 5.9604645E-08,
  "d_1/16777216": 5.960464477539063E-08,
  "f_1/33554432": 2.9802322E-08,
  "d_1/33554432": 2.9802322387695312E-08,
  "f_1/67108864": 1.4901161E-08,
  "d_1/67108864": 1.4901161193847656E-08,
  "f_1/134217728": 7.450581E-09,
  "d_1/134217728": 7.450580596923828E-09,
  "f_1/268435456": 3.7252903E-09,
  "d_1/268435456": 3.725290298461914E-09,
  "f_1/536870912": 1.8626451E-09,
  "d_1/536870912": 1.862645149230957E-09,
  "f_1/1073741824": 9.313226E-10,
  "d_1/1073741824": 9.313225746154785E-10,
  "f_1/2147483648": 4.656613E-10,
  "d_1/2147483648": 4.656612873077393E-10,
  "f_1/4294967296": 2.3283064E-10,
  "d_1/4294967296": 2.3283064365386963E-10,
  "f_1/8589934592": 1.1641532E-10,
  "d_1/8589934592": 1.1641532182693481E-10,
  "f_1/17179869184": 5.820766E-11,
  "d_1/17179869184": 5.820766091346741E-11,
  "f_1/34359738368": 2.910383E-11,
  "d_1/34359738368": 2.9103830456733704E-11,
  "f_1/68719476736": 1.4551915E-11,
  "d_1/68719476736": 1.4551915228366852E-11,
  "f_1/137438953472": 7.275958E-12,
  "d_1/137438953472": 7.275957614183426E-12,
  "f_1/274877906944": 3.637979E-12,
  "d_1/274877906944": 3.637978807091713E-12,
  "f_1/549755813888": 1.8189894E-12,
  "d_1/549755813888": 1.8189894035458565E-12,
  "f_1/1099511627776": 9.094947E-13,
  "d_1/1099511627776": 9.094947017729282E-13,
  "f_1/2199023255552": 4.5474735E-13,
  "d_1/2199023255552": 4.547473508864641E-13,
  "f_1/4398046511104": 2.2737368E-13,
  "d_1/4398046511104": 2.2737367544323206E-13,
  "f_1/8796093022208": 1.1368684E-13,
  "d_1/8796093022208": 1.1368683772161603E-13,
  "f_1/17592186044416": 5.684342E-14,
  "d_1/17592186044416": 5.684341886080802E-14,
  "f_1/35184372088832": 2.842171E-14,
  "d_1/35184372088832": 2.842170943040401E-14,
  "f_1/70368744177664": 1.4210855E-14,
  "d_1/70368744177664": 1.4210854715202004E-14,
  "f_1/140737488355328": 7.1054274E-15,
  "d_1/140737488355328": 7.105427357601002E-15,
  "f_1/281474976710656": 3.5527137E-15,
  "d_1/281474976710656": 3.552713678800501E-15,
  "f_1/562949953421312": 1.7763568E-15,
  "d_1/562949953421312": 1.7763568394002505E-15,
  "f_1/1125899906842624": 8.881784E-16,
  "d_1/1125899906842624": 8.881784197001252E-16,
  "f_1/2251799813685248": 4.440892E-16,
  "d_1/2251799813685248": 4.440892098500626E-16,
  "f_1/4503599627370496": 2.220446E-16,
  "d_1/4503599627370496": 2.220446049250313E-16,
  "f_1/9007199254740992": 1.110223E-16,
  "d_1/9007199254740992": 1.1102230246251565E-16,
  "f_1/18014398509481984": 5.551115E-17,
  "d_1/18014398509481984": 5.551115123125783E-17,